{"cameraMode":{"drawMode":0,"name":"Shaded","section":"Shading Mode"},"sceneLighting":false,"audioPlay":false,"sceneViewState":{"m_AlwaysRefresh":false,"showFog":true,"showSkybox":false,"showFlares":true,"showImageEffects":true,"showParticleSystems":true,"showVisualEffectGraphs":true,"m_FxEnabled":true},"in2DMode":false,"pivot":{"x":-0.10252238810062409,"y":0.3926813006401062,"z":-0.03841719776391983},"rotation":{"x":-0.6080911755561829,"y":0.20607802271842957,"z":-0.16751883924007417,"w":-0.7481459379196167},"size":0.4911559820175171,"orthographic":true}