{"cameraMode":{"drawMode":0,"name":"Shaded","section":"Shading Mode"},"sceneLighting":false,"audioPlay":false,"sceneViewState":{"m_AlwaysRefresh":false,"showFog":true,"showSkybox":false,"showFlares":true,"showImageEffects":true,"showParticleSystems":true,"showVisualEffectGraphs":true,"m_FxEnabled":true},"in2DMode":false,"pivot":{"x":-1.1352083683013917,"y":0.2980290651321411,"z":-0.37035077810287478},"rotation":{"x":0.012823239900171757,"y":0.9833810329437256,"z":-0.07685939222574234,"w":0.16404573619365693},"size":0.7381929755210877,"orthographic":true}