{"cameraMode":{"drawMode":0,"name":"Shaded","section":"Shading Mode"},"sceneLighting":false,"audioPlay":false,"sceneViewState":{"m_AlwaysRefresh":false,"showFog":true,"showSkybox":false,"showFlares":true,"showImageEffects":true,"showParticleSystems":true,"showVisualEffectGraphs":true,"m_FxEnabled":true},"in2DMode":false,"pivot":{"x":-0.1085783988237381,"y":-0.08830089867115021,"z":0.003045111894607544},"rotation":{"x":-0.05742598697543144,"y":0.891974151134491,"z":-0.4325244426727295,"w":-0.11842946708202362},"size":0.32078853249549868,"orthographic":true}