{"cameraMode":{"drawMode":0,"name":"Shaded","section":"Shading Mode"},"sceneLighting":true,"audioPlay":false,"sceneViewState":{"m_AlwaysRefresh":false,"showFog":true,"showSkybox":true,"showFlares":true,"showImageEffects":true,"showParticleSystems":true,"showVisualEffectGraphs":true,"m_FxEnabled":true},"in2DMode":false,"pivot":{"x":0.3646116852760315,"y":0.3146328330039978,"z":-0.03389297425746918},"rotation":{"x":0.06423620134592056,"y":0.0822354108095169,"z":-0.005311949644237757,"w":0.9945317506790161},"size":2.4004275798797609,"orthographic":true}