{"cameraMode":{"drawMode":0,"name":"Shaded","section":"Shading Mode"},"sceneLighting":false,"audioPlay":false,"sceneViewState":{"m_AlwaysRefresh":false,"showFog":true,"showSkybox":true,"showFlares":true,"showImageEffects":true,"showParticleSystems":true,"showVisualEffectGraphs":true,"m_FxEnabled":true},"in2DMode":false,"pivot":{"x":1221.3734130859375,"y":545.0844116210938,"z":-727.4740600585938},"rotation":{"x":0.013493243604898453,"y":-0.029993467032909395,"z":0.0004066164547111839,"w":0.9994702339172363},"size":745.2630615234375,"orthographic":true}