{"cameraMode":{"drawMode":0,"name":"Shaded","section":"Shading Mode"},"sceneLighting":true,"audioPlay":false,"sceneViewState":{"m_AlwaysRefresh":false,"showFog":true,"showSkybox":true,"showFlares":true,"showImageEffects":true,"showParticleSystems":true,"showVisualEffectGraphs":true,"m_FxEnabled":true},"in2DMode":false,"pivot":{"x":0.1322540044784546,"y":-0.5108445882797241,"z":0.12804538011550904},"rotation":{"x":0.39539724588394167,"y":0.3698999285697937,"z":-0.17799922823905946,"w":0.8216794729232788},"size":3.9739344120025636,"orthographic":false}