{"cameraMode":{"drawMode":0,"name":"Shaded","section":"Shading Mode"},"sceneLighting":false,"audioPlay":false,"sceneViewState":{"m_AlwaysRefresh":false,"showFog":true,"showSkybox":true,"showFlares":true,"showImageEffects":true,"showParticleSystems":true,"showVisualEffectGraphs":true,"m_FxEnabled":true},"in2DMode":false,"pivot":{"x":400.02679443359377,"y":215.34921264648438,"z":6.973236083984375},"rotation":{"x":0.1182183027267456,"y":-0.00893679354339838,"z":0.0010643914574757219,"w":0.9929484128952026},"size":271.6164245605469,"orthographic":true}