{"cameraMode":{"drawMode":0,"name":"Shaded","section":"Shading Mode"},"sceneLighting":true,"audioPlay":false,"sceneViewState":{"m_AlwaysRefresh":false,"showFog":true,"showSkybox":true,"showFlares":true,"showImageEffects":true,"showParticleSystems":true,"showVisualEffectGraphs":true,"m_FxEnabled":true},"in2DMode":false,"pivot":{"x":79.7094497680664,"y":165.97145080566407,"z":15.431828498840332},"rotation":{"x":0.10029848664999008,"y":0.02536868490278721,"z":-0.002558330539613962,"w":0.9946344494819641},"size":28.180633544921876,"orthographic":true}