{"cameraMode":{"drawMode":0,"name":"Shaded","section":"Shading Mode"},"sceneLighting":false,"audioPlay":false,"sceneViewState":{"m_AlwaysRefresh":false,"showFog":true,"showSkybox":true,"showFlares":true,"showImageEffects":true,"showParticleSystems":true,"showVisualEffectGraphs":true,"m_FxEnabled":true},"in2DMode":false,"pivot":{"x":392.0328369140625,"y":170.19212341308595,"z":7.101642608642578},"rotation":{"x":0.1182183027267456,"y":-0.00893679354339838,"z":0.0010643914574757219,"w":0.9929484128952026},"size":404.4563903808594,"orthographic":true}