{"cameraMode":{"drawMode":0,"name":"Shaded","section":"Shading Mode"},"sceneLighting":true,"audioPlay":false,"sceneViewState":{"m_AlwaysRefresh":false,"showFog":true,"showSkybox":true,"showFlares":true,"showImageEffects":true,"showParticleSystems":true,"showVisualEffectGraphs":true,"m_FxEnabled":true},"in2DMode":false,"pivot":{"x":244.30264282226563,"y":235.04603576660157,"z":67.04202270507813},"rotation":{"x":0.10029848664999008,"y":0.02536868490278721,"z":-0.002558330539613962,"w":0.9946344494819641},"size":147.56298828125,"orthographic":true}