{"cameraMode":{"drawMode":0,"name":"Shaded","section":"Shading Mode"},"sceneLighting":true,"audioPlay":false,"sceneViewState":{"m_AlwaysRefresh":false,"showFog":true,"showSkybox":true,"showFlares":true,"showImageEffects":true,"showParticleSystems":true,"showVisualEffectGraphs":true,"m_FxEnabled":true},"in2DMode":false,"pivot":{"x":19.72472381591797,"y":-0.5126709938049316,"z":26.520118713378908},"rotation":{"x":-0.020737720653414727,"y":-0.9779793620109558,"z":0.11941832304000855,"w":-0.1701030731201172},"size":15.552422523498536,"orthographic":true}