{"cameraMode":{"drawMode":0,"name":"Shaded","section":"Shading Mode"},"sceneLighting":false,"audioPlay":false,"sceneViewState":{"m_AlwaysRefresh":false,"showFog":true,"showSkybox":true,"showFlares":true,"showImageEffects":true,"showParticleSystems":true,"showVisualEffectGraphs":true,"m_FxEnabled":true},"in2DMode":false,"pivot":{"x":1157.8792724609375,"y":394.1116943359375,"z":86.02337646484375},"rotation":{"x":0.07487286627292633,"y":-0.03888047859072685,"z":0.002921757288277149,"w":0.9964315891265869},"size":618.0067749023438,"orthographic":true}