{"cameraMode":{"drawMode":0,"name":"Shaded","section":"Shading Mode"},"sceneLighting":true,"audioPlay":false,"sceneViewState":{"m_AlwaysRefresh":false,"showFog":true,"showSkybox":true,"showFlares":true,"showImageEffects":true,"showParticleSystems":true,"showVisualEffectGraphs":true,"m_FxEnabled":true},"in2DMode":false,"pivot":{"x":412.39715576171877,"y":160.7873992919922,"z":9.838180541992188},"rotation":{"x":0.02249644324183464,"y":-0.014098390936851502,"z":0.00031201011734083295,"w":0.9996572732925415},"size":212.2462158203125,"orthographic":true}