{"cameraMode":{"drawMode":0,"name":"Shaded","section":"Shading Mode"},"sceneLighting":true,"audioPlay":false,"sceneViewState":{"m_AlwaysRefresh":false,"showFog":true,"showSkybox":true,"showFlares":true,"showImageEffects":true,"showParticleSystems":true,"showVisualEffectGraphs":true,"m_FxEnabled":true},"in2DMode":false,"pivot":{"x":535.301025390625,"y":309.37127685546877,"z":10.31463623046875},"rotation":{"x":0.0598926804959774,"y":-0.049392033368349078,"z":0.002955951727926731,"w":0.9969941973686218},"size":372.67657470703127,"orthographic":true}