{"cameraMode":{"drawMode":0,"name":"Shaded","section":"Shading Mode"},"sceneLighting":true,"audioPlay":false,"sceneViewState":{"m_AlwaysRefresh":false,"showFog":true,"showSkybox":true,"showFlares":true,"showImageEffects":true,"showParticleSystems":true,"showVisualEffectGraphs":true,"m_FxEnabled":true},"in2DMode":false,"pivot":{"x":163.1820526123047,"y":0.8304508924484253,"z":40.471195220947269},"rotation":{"x":0.011017423123121262,"y":0.9886783361434937,"z":-0.09221237152814865,"w":0.1180059015750885},"size":1.5747978687286378,"orthographic":true}