{"cameraMode":{"drawMode":0,"name":"Shaded","section":"Shading Mode"},"sceneLighting":false,"audioPlay":false,"sceneViewState":{"m_AlwaysRefresh":false,"showFog":false,"showSkybox":false,"showFlares":false,"showImageEffects":false,"showParticleSystems":false,"showVisualEffectGraphs":true,"m_FxEnabled":true},"in2DMode":false,"pivot":{"x":0.000016748905181884766,"y":0.8316175937652588,"z":0.026413366198539735},"rotation":{"x":-0.06785479187965393,"y":0.8587720990180969,"z":-0.1179531067609787,"w":-0.49398133158683779},"size":1.3218719959259034,"orthographic":false}