{"cameraMode":{"drawMode":0,"name":"Shaded","section":"Shading Mode"},"sceneLighting":false,"audioPlay":false,"sceneViewState":{"m_AlwaysRefresh":false,"showFog":true,"showSkybox":false,"showFlares":true,"showImageEffects":true,"showParticleSystems":true,"showVisualEffectGraphs":true,"m_FxEnabled":true},"in2DMode":false,"pivot":{"x":359.9910583496094,"y":264.07427978515627,"z":16.8114013671875},"rotation":{"x":0.023982150480151178,"y":-0.035981930792331699,"z":0.0008637281134724617,"w":0.9990645051002502},"size":345.562255859375,"orthographic":true}