{"cameraMode":{"drawMode":0,"name":"Shaded","section":"Shading Mode"},"sceneLighting":false,"audioPlay":false,"sceneViewState":{"m_AlwaysRefresh":false,"showFog":true,"showSkybox":false,"showFlares":true,"showImageEffects":true,"showParticleSystems":true,"showVisualEffectGraphs":true,"m_FxEnabled":true},"in2DMode":false,"pivot":{"x":-0.028225183486938478,"y":1.7732608318328858,"z":0.4135228395462036},"rotation":{"x":-0.17581585049629212,"y":-0.7967248558998108,"z":-0.27557113766670229,"w":0.5083162188529968},"size":1.041702389717102,"orthographic":true}