{"cameraMode":{"drawMode":0,"name":"Shaded","section":"Shading Mode"},"sceneLighting":false,"audioPlay":false,"sceneViewState":{"m_AlwaysRefresh":false,"showFog":true,"showSkybox":false,"showFlares":true,"showImageEffects":true,"showParticleSystems":true,"showVisualEffectGraphs":true,"m_FxEnabled":true},"in2DMode":false,"pivot":{"x":22.80007553100586,"y":0.12040531635284424,"z":15.468769073486329},"rotation":{"x":0.05357799306511879,"y":0.5241140127182007,"z":-0.03306294605135918,"w":0.849317729473114},"size":22.704524993896486,"orthographic":false}