{"cameraMode":{"drawMode":0,"name":"Shaded","section":"Shading Mode"},"sceneLighting":false,"audioPlay":false,"sceneViewState":{"m_AlwaysRefresh":false,"showFog":true,"showSkybox":false,"showFlares":true,"showImageEffects":true,"showParticleSystems":true,"showVisualEffectGraphs":true,"m_FxEnabled":true},"in2DMode":false,"pivot":{"x":-0.10625076293945313,"y":1.5624876022338868,"z":-0.08874702453613281},"rotation":{"x":0.10914583504199982,"y":0.8204901218414307,"z":-0.1671760082244873,"w":0.5356829762458801},"size":1.0223689079284669,"orthographic":true}