{"cameraMode":{"drawMode":0,"name":"Shaded","section":"Shading Mode"},"sceneLighting":false,"audioPlay":false,"sceneViewState":{"m_AlwaysRefresh":false,"showFog":true,"showSkybox":false,"showFlares":true,"showImageEffects":true,"showParticleSystems":true,"showVisualEffectGraphs":true,"m_FxEnabled":true},"in2DMode":false,"pivot":{"x":-0.13337668776512147,"y":2.0227038860321047,"z":-0.060433149337768558},"rotation":{"x":0.29513710737228396,"y":-0.04870101064443588,"z":0.015065905638039112,"w":0.9540979862213135},"size":7.122460842132568,"orthographic":true}