{"cameraMode":{"drawMode":0,"name":"Shaded","section":"Shading Mode"},"sceneLighting":false,"audioPlay":false,"sceneViewState":{"m_AlwaysRefresh":false,"showFog":true,"showSkybox":false,"showFlares":true,"showImageEffects":true,"showParticleSystems":true,"showVisualEffectGraphs":true,"m_FxEnabled":true},"in2DMode":false,"pivot":{"x":0.34611964225769045,"y":0.8297085165977478,"z":-1.68681001663208},"rotation":{"x":0.0062912022694945339,"y":0.9933953285217285,"z":-0.09265298396348953,"w":0.06745164841413498},"size":2.1124355792999269,"orthographic":false}