{"cameraMode":{"drawMode":0,"name":"Shaded","section":"Shading Mode"},"sceneLighting":false,"audioPlay":false,"sceneViewState":{"m_AlwaysRefresh":false,"showFog":true,"showSkybox":false,"showFlares":true,"showImageEffects":true,"showParticleSystems":true,"showVisualEffectGraphs":true,"m_FxEnabled":true},"in2DMode":false,"pivot":{"x":0.00001633167266845703,"y":0.8350858092308044,"z":0.02640986442565918},"rotation":{"x":0.05653846636414528,"y":-0.9125478863716126,"z":0.13511908054351808,"w":0.3818412125110626},"size":1.3258328437805176,"orthographic":true}