{"cameraMode":{"drawMode":0,"name":"Shaded","section":"Shading Mode"},"sceneLighting":false,"audioPlay":false,"sceneViewState":{"m_AlwaysRefresh":false,"showFog":true,"showSkybox":false,"showFlares":true,"showImageEffects":true,"showParticleSystems":true,"showVisualEffectGraphs":true,"m_FxEnabled":true},"in2DMode":false,"pivot":{"x":339.1789855957031,"y":279.58575439453127,"z":13.056793212890625},"rotation":{"x":0.1182183027267456,"y":-0.00893679354339838,"z":0.0010643914574757219,"w":0.9929484128952026},"size":223.57025146484376,"orthographic":true}