{"cameraMode":{"drawMode":0,"name":"Shaded","section":"Shading Mode"},"sceneLighting":false,"audioPlay":false,"sceneViewState":{"m_AlwaysRefresh":false,"showFog":true,"showSkybox":false,"showFlares":true,"showImageEffects":true,"showParticleSystems":true,"showVisualEffectGraphs":true,"m_FxEnabled":true},"in2DMode":false,"pivot":{"x":1211.2239990234375,"y":601.2093505859375,"z":108.84178161621094},"rotation":{"x":0.1182183027267456,"y":-0.00893679354339838,"z":0.0010643914574757219,"w":0.9929484128952026},"size":766.7788696289063,"orthographic":true}