{"cameraMode":{"drawMode":0,"name":"Shaded","section":"Shading Mode"},"sceneLighting":false,"audioPlay":false,"sceneViewState":{"m_AlwaysRefresh":false,"showFog":true,"showSkybox":false,"showFlares":true,"showImageEffects":true,"showParticleSystems":true,"showVisualEffectGraphs":true,"m_FxEnabled":true},"in2DMode":false,"pivot":{"x":-2.8593616485595705,"y":1.3581467866897584,"z":1.2982971668243409},"rotation":{"x":-0.05062716826796532,"y":0.8024387955665588,"z":-0.06877157092094422,"w":-0.5906166434288025},"size":5.0570573806762699,"orthographic":false}