{"cameraMode":{"drawMode":0,"name":"Shaded","section":"Shading Mode"},"sceneLighting":false,"audioPlay":false,"sceneViewState":{"m_AlwaysRefresh":false,"showFog":false,"showSkybox":false,"showFlares":false,"showImageEffects":false,"showParticleSystems":false,"showVisualEffectGraphs":true,"m_FxEnabled":true},"in2DMode":false,"pivot":{"x":-0.8618923425674439,"y":1.4039794206619263,"z":-0.20589791238307954},"rotation":{"x":-0.00031160327489487827,"y":-0.9933340549468994,"z":0.11524301022291184,"w":-0.0026859077624976637},"size":0.38899675011634829,"orthographic":true}