{"cameraMode":{"drawMode":0,"name":"Shaded","section":"Shading Mode"},"sceneLighting":false,"audioPlay":false,"sceneViewState":{"m_AlwaysRefresh":false,"showFog":true,"showSkybox":false,"showFlares":true,"showImageEffects":true,"showParticleSystems":true,"showVisualEffectGraphs":true,"m_FxEnabled":true},"in2DMode":false,"pivot":{"x":961.0779418945313,"y":541.525146484375,"z":0.14381039142608643},"rotation":{"x":0.27719631791114809,"y":0.33117005228996279,"z":-0.10244294255971909,"w":0.8961001634597778},"size":1.1626036167144776,"orthographic":false}