{"cameraMode":{"drawMode":0,"name":"Shaded","section":"Shading Mode"},"sceneLighting":false,"audioPlay":false,"sceneViewState":{"m_AlwaysRefresh":false,"showFog":true,"showSkybox":false,"showFlares":true,"showImageEffects":true,"showParticleSystems":true,"showVisualEffectGraphs":true,"m_FxEnabled":true},"in2DMode":false,"pivot":{"x":-0.27915698289871218,"y":-0.011813849210739136,"z":-0.1045265942811966},"rotation":{"x":-0.174401193857193,"y":0.7318416237831116,"z":-0.2037244290113449,"w":-0.6264984011650086},"size":0.36687567830085757,"orthographic":false}