{"cameraMode":{"drawMode":0,"name":"Shaded","section":"Shading Mode"},"sceneLighting":false,"audioPlay":false,"sceneViewState":{"m_AlwaysRefresh":false,"showFog":true,"showSkybox":false,"showFlares":true,"showImageEffects":true,"showParticleSystems":true,"showVisualEffectGraphs":true,"m_FxEnabled":true},"in2DMode":false,"pivot":{"x":-7.816608428955078,"y":-4.047497749328613,"z":4.050380706787109},"rotation":{"x":0.19668413698673249,"y":0.015586945228278637,"z":-0.0031272107735276224,"w":0.9803391695022583},"size":19.93909454345703,"orthographic":false}