{"cameraMode":{"drawMode":0,"name":"Shaded","section":"Shading Mode"},"sceneLighting":false,"audioPlay":false,"sceneViewState":{"m_AlwaysRefresh":false,"showFog":true,"showSkybox":false,"showFlares":true,"showImageEffects":true,"showParticleSystems":true,"showVisualEffectGraphs":true,"m_FxEnabled":true},"in2DMode":false,"pivot":{"x":0.03303013741970062,"y":0.591957688331604,"z":-0.06483937799930573},"rotation":{"x":0.09871794283390045,"y":0.6786179542541504,"z":-0.09278877079486847,"w":0.721903920173645},"size":0.1553216427564621,"orthographic":true}