{"cameraMode":{"drawMode":0,"name":"Shaded","section":"Shading Mode"},"sceneLighting":false,"audioPlay":false,"sceneViewState":{"m_AlwaysRefresh":false,"showFog":true,"showSkybox":false,"showFlares":true,"showImageEffects":true,"showParticleSystems":true,"showVisualEffectGraphs":true,"m_FxEnabled":true},"in2DMode":false,"pivot":{"x":0.3965045213699341,"y":0.40489256381988528,"z":-0.13874119520187379},"rotation":{"x":0.14466196298599244,"y":0.3369576036930084,"z":-0.05247916281223297,"w":0.928864598274231},"size":2.993009328842163,"orthographic":true}