{"cameraMode":{"drawMode":0,"name":"Shaded","section":"Shading Mode"},"sceneLighting":false,"audioPlay":false,"sceneViewState":{"m_AlwaysRefresh":false,"showFog":true,"showSkybox":false,"showFlares":true,"showImageEffects":true,"showParticleSystems":true,"showVisualEffectGraphs":true,"m_FxEnabled":true},"in2DMode":false,"pivot":{"x":0.34124428033828738,"y":0.07859644293785095,"z":-0.48770183324813845},"rotation":{"x":0.295052170753479,"y":-0.6780379414558411,"z":0.3465547561645508,"w":0.5772683620452881},"size":1.5973376035690308,"orthographic":true}