{"cameraMode":{"drawMode":0,"name":"Shaded","section":"Shading Mode"},"sceneLighting":false,"audioPlay":false,"sceneViewState":{"m_AlwaysRefresh":false,"showFog":true,"showSkybox":false,"showFlares":true,"showImageEffects":true,"showParticleSystems":true,"showVisualEffectGraphs":true,"m_FxEnabled":true},"in2DMode":false,"pivot":{"x":-0.000004891306161880493,"y":0.001872883178293705,"z":-0.005358795169740915},"rotation":{"x":0.1199839860200882,"y":0.751887857913971,"z":-0.1426553577184677,"w":0.6324036717414856},"size":0.034801777452230456,"orthographic":true}