{"cameraMode":{"drawMode":0,"name":"Shaded","section":"Shading Mode"},"sceneLighting":false,"audioPlay":false,"sceneViewState":{"m_AlwaysRefresh":false,"showFog":true,"showSkybox":false,"showFlares":true,"showImageEffects":true,"showParticleSystems":true,"showVisualEffectGraphs":true,"m_FxEnabled":true},"in2DMode":false,"pivot":{"x":612.3049926757813,"y":301.7362060546875,"z":27.66522216796875},"rotation":{"x":0.0598926804959774,"y":-0.049392033368349078,"z":0.002955951727926731,"w":0.9969941973686218},"size":316.6697082519531,"orthographic":true}