{"cameraMode":{"drawMode":0,"name":"Shaded","section":"Shading Mode"},"sceneLighting":false,"audioPlay":false,"sceneViewState":{"m_AlwaysRefresh":false,"showFog":true,"showSkybox":false,"showFlares":true,"showImageEffects":true,"showParticleSystems":true,"showVisualEffectGraphs":true,"m_FxEnabled":true},"in2DMode":false,"pivot":{"x":2.384185791015625e-7,"y":0.8866384029388428,"z":0.027161598205566407},"rotation":{"x":0.08421643078327179,"y":0.7055951356887817,"z":-0.08508017659187317,"w":0.6984316110610962},"size":1.2611552476882935,"orthographic":false}